<?xml version="1.0" encoding="UTF-8"?><module codename="org.netbeans.modules.java.lexer/1">
    <module_version install_time="1416338130342" last="true" origin="installer" specification_version="1.28.1">
        <file crc="710288989" name="config/Modules/org-netbeans-modules-java-lexer.xml"/>
        <file crc="1821071850" name="modules/locale/org-netbeans-modules-java-lexer_ja.jar"/>
        <file crc="223117982" name="modules/locale/org-netbeans-modules-java-lexer_pt_BR.jar"/>
        <file crc="1555083861" name="modules/locale/org-netbeans-modules-java-lexer_ru.jar"/>
        <file crc="4040726602" name="modules/locale/org-netbeans-modules-java-lexer_zh_CN.jar"/>
        <file crc="344091034" name="modules/org-netbeans-modules-java-lexer.jar"/>
    </module_version>
</module>
