<?xml version="1.0" encoding="UTF-8"?><module codename="org.netbeans.modules.editor.structure/1">
    <module_version install_time="1416339691647" last="true" origin="installer" specification_version="1.43.1.1">
        <file crc="215816205" name="config/Modules/org-netbeans-modules-editor-structure.xml"/>
        <file crc="2275732991" name="modules/locale/org-netbeans-modules-editor-structure_ja.jar"/>
        <file crc="3174996474" name="modules/locale/org-netbeans-modules-editor-structure_pt_BR.jar"/>
        <file crc="1046086078" name="modules/locale/org-netbeans-modules-editor-structure_ru.jar"/>
        <file crc="4174524225" name="modules/locale/org-netbeans-modules-editor-structure_zh_CN.jar"/>
        <file crc="3772435680" name="modules/org-netbeans-modules-editor-structure.jar"/>
    </module_version>
</module>
