<?xml version="1.0" encoding="UTF-8"?><module codename="org.netbeans.modules.jumpto/1">
    <module_version install_time="1416339972515" last="true" origin="installer" specification_version="1.42.1.1">
        <file crc="771737990" name="config/Modules/org-netbeans-modules-jumpto.xml"/>
        <file crc="814342267" name="modules/locale/org-netbeans-modules-jumpto_ja.jar"/>
        <file crc="1516876027" name="modules/locale/org-netbeans-modules-jumpto_pt_BR.jar"/>
        <file crc="424335348" name="modules/locale/org-netbeans-modules-jumpto_ru.jar"/>
        <file crc="2687827465" name="modules/locale/org-netbeans-modules-jumpto_zh_CN.jar"/>
        <file crc="1425701944" name="modules/org-netbeans-modules-jumpto.jar"/>
    </module_version>
</module>
