<?xml version="1.0" encoding="UTF-8"?><module codename="org.netbeans.modules.xml.axi">
    <module_version install_time="1416338227793" last="true" origin="installer" specification_version="1.27.1">
        <file crc="807763827" name="config/Modules/org-netbeans-modules-xml-axi.xml"/>
        <file crc="4095193391" name="modules/locale/org-netbeans-modules-xml-axi_ja.jar"/>
        <file crc="3132266340" name="modules/locale/org-netbeans-modules-xml-axi_pt_BR.jar"/>
        <file crc="2497411100" name="modules/locale/org-netbeans-modules-xml-axi_ru.jar"/>
        <file crc="33896719" name="modules/locale/org-netbeans-modules-xml-axi_zh_CN.jar"/>
        <file crc="836732676" name="modules/org-netbeans-modules-xml-axi.jar"/>
    </module_version>
</module>
