<?xml version="1.0" encoding="UTF-8"?><module codename="org.netbeans.modules.xml.tax/2">
    <module_version install_time="1416340442466" last="true" origin="installer" specification_version="1.39.1.281">
        <file crc="3137623504" name="config/Modules/org-netbeans-modules-xml-tax.xml"/>
        <file crc="2112970685" name="modules/ext/locale/org-netbeans-tax_ja.jar"/>
        <file crc="2391149215" name="modules/ext/locale/org-netbeans-tax_pt_BR.jar"/>
        <file crc="4138097265" name="modules/ext/locale/org-netbeans-tax_ru.jar"/>
        <file crc="1879577516" name="modules/ext/locale/org-netbeans-tax_zh_CN.jar"/>
        <file crc="471422457" name="modules/ext/org-netbeans-tax.jar"/>
        <file crc="1135953209" name="modules/locale/org-netbeans-modules-xml-tax_ja.jar"/>
        <file crc="1778985879" name="modules/locale/org-netbeans-modules-xml-tax_pt_BR.jar"/>
        <file crc="2480418475" name="modules/locale/org-netbeans-modules-xml-tax_ru.jar"/>
        <file crc="1503446233" name="modules/locale/org-netbeans-modules-xml-tax_zh_CN.jar"/>
        <file crc="1558761004" name="modules/org-netbeans-modules-xml-tax.jar"/>
    </module_version>
</module>
