<?xml version="1.0" encoding="UTF-8"?><module codename="org.netbeans.modules.utilities.project/1">
    <module_version install_time="1416339158494" last="true" origin="installer" specification_version="1.34.1">
        <file crc="1999945361" name="config/Modules/org-netbeans-modules-utilities-project.xml"/>
        <file crc="1307057192" name="modules/locale/org-netbeans-modules-utilities-project_ja.jar"/>
        <file crc="824273247" name="modules/locale/org-netbeans-modules-utilities-project_pt_BR.jar"/>
        <file crc="1786096154" name="modules/locale/org-netbeans-modules-utilities-project_ru.jar"/>
        <file crc="1608733305" name="modules/locale/org-netbeans-modules-utilities-project_zh_CN.jar"/>
        <file crc="4056911215" name="modules/org-netbeans-modules-utilities-project.jar"/>
    </module_version>
</module>
