<?xml version="1.0" encoding="UTF-8"?><module codename="org.netbeans.modules.editor.deprecated.pre65formatting/0">
    <module_version install_time="1416339679169" last="true" origin="installer" specification_version="1.23.1.1.5.22.43">
        <file crc="1017076465" name="config/Modules/org-netbeans-modules-editor-deprecated-pre65formatting.xml"/>
        <file crc="3181531998" name="modules/locale/org-netbeans-modules-editor-deprecated-pre65formatting_ja.jar"/>
        <file crc="4136557414" name="modules/locale/org-netbeans-modules-editor-deprecated-pre65formatting_pt_BR.jar"/>
        <file crc="1071482444" name="modules/locale/org-netbeans-modules-editor-deprecated-pre65formatting_ru.jar"/>
        <file crc="4222083409" name="modules/locale/org-netbeans-modules-editor-deprecated-pre65formatting_zh_CN.jar"/>
        <file crc="4161715454" name="modules/org-netbeans-modules-editor-deprecated-pre65formatting.jar"/>
    </module_version>
</module>
