<?xml version="1.0" encoding="UTF-8"?><module codename="org.netbeans.libs.freemarker/1">
    <module_version install_time="1416338286641" last="true" origin="installer" specification_version="2.30.1.238">
        <file crc="637450760" name="config/Modules/org-netbeans-libs-freemarker.xml"/>
        <file crc="3103743620" name="modules/ext/freemarker-2.3.19.jar"/>
        <file crc="2308252773" name="modules/ext/locale/freemarker-2.3.19_ja.jar"/>
        <file crc="1825142038" name="modules/ext/locale/freemarker-2.3.19_pt_BR.jar"/>
        <file crc="636476069" name="modules/ext/locale/freemarker-2.3.19_ru.jar"/>
        <file crc="429918801" name="modules/ext/locale/freemarker-2.3.19_zh_CN.jar"/>
        <file crc="3507441847" name="modules/locale/org-netbeans-libs-freemarker_ja.jar"/>
        <file crc="3025018893" name="modules/locale/org-netbeans-libs-freemarker_pt_BR.jar"/>
        <file crc="2317719961" name="modules/locale/org-netbeans-libs-freemarker_ru.jar"/>
        <file crc="1487259982" name="modules/locale/org-netbeans-libs-freemarker_zh_CN.jar"/>
        <file crc="2317487289" name="modules/org-netbeans-libs-freemarker.jar"/>
    </module_version>
</module>
