<?xml version="1.0" encoding="UTF-8"?><module codename="org.netbeans.modules.properties.syntax/1">
    <module_version install_time="1416340329486" last="true" origin="installer" specification_version="1.46.1">
        <file crc="3912872678" name="config/Modules/org-netbeans-modules-properties-syntax.xml"/>
        <file crc="2020737499" name="modules/locale/org-netbeans-modules-properties-syntax_ja.jar"/>
        <file crc="338660538" name="modules/locale/org-netbeans-modules-properties-syntax_pt_BR.jar"/>
        <file crc="2741279238" name="modules/locale/org-netbeans-modules-properties-syntax_ru.jar"/>
        <file crc="2142867115" name="modules/locale/org-netbeans-modules-properties-syntax_zh_CN.jar"/>
        <file crc="1947583166" name="modules/org-netbeans-modules-properties-syntax.jar"/>
    </module_version>
</module>
