<?xml version="1.0" encoding="UTF-8"?><module codename="org.netbeans.modules.xml.lexer">
    <module_version install_time="1416338136079" last="true" origin="installer" specification_version="1.26.1">
        <file crc="2479377366" name="config/Modules/org-netbeans-modules-xml-lexer.xml"/>
        <file crc="1143977594" name="modules/locale/org-netbeans-modules-xml-lexer_ja.jar"/>
        <file crc="4255569535" name="modules/locale/org-netbeans-modules-xml-lexer_pt_BR.jar"/>
        <file crc="2813301657" name="modules/locale/org-netbeans-modules-xml-lexer_ru.jar"/>
        <file crc="4282067074" name="modules/locale/org-netbeans-modules-xml-lexer_zh_CN.jar"/>
        <file crc="2483168191" name="modules/org-netbeans-modules-xml-lexer.jar"/>
    </module_version>
</module>
