<?xml version="1.0" encoding="UTF-8"?><module codename="org.netbeans.modules.editor.plain.lib/1">
    <module_version install_time="1416339580127" last="true" origin="installer" specification_version="1.30.1">
        <file crc="387640368" name="config/Modules/org-netbeans-modules-editor-plain-lib.xml"/>
        <file crc="3672019989" name="modules/locale/org-netbeans-modules-editor-plain-lib_ja.jar"/>
        <file crc="2643426669" name="modules/locale/org-netbeans-modules-editor-plain-lib_pt_BR.jar"/>
        <file crc="973294241" name="modules/locale/org-netbeans-modules-editor-plain-lib_ru.jar"/>
        <file crc="1600120776" name="modules/locale/org-netbeans-modules-editor-plain-lib_zh_CN.jar"/>
        <file crc="1175986827" name="modules/org-netbeans-modules-editor-plain-lib.jar"/>
    </module_version>
</module>
