<?xml version="1.0" encoding="UTF-8"?><module codename="org.netbeans.modules.editor.tools.storage">
    <module_version install_time="1416339574643" last="true" origin="installer" specification_version="1.4.1">
        <file crc="864286405" name="config/Modules/org-netbeans-modules-editor-tools-storage.xml"/>
        <file crc="3598935028" name="modules/locale/org-netbeans-modules-editor-tools-storage_ja.jar"/>
        <file crc="3641303986" name="modules/locale/org-netbeans-modules-editor-tools-storage_pt_BR.jar"/>
        <file crc="4245697048" name="modules/locale/org-netbeans-modules-editor-tools-storage_ru.jar"/>
        <file crc="2130988458" name="modules/locale/org-netbeans-modules-editor-tools-storage_zh_CN.jar"/>
        <file crc="1510606254" name="modules/org-netbeans-modules-editor-tools-storage.jar"/>
    </module_version>
</module>
