<?xml version="1.0" encoding="UTF-8"?><module codename="org.netbeans.libs.svnClientAdapter/1">
    <module_version install_time="1416338084688" last="true" origin="installer" specification_version="1.36.1">
        <file crc="3185122914" name="config/Modules/org-netbeans-libs-svnClientAdapter.xml"/>
        <file crc="49321994" name="modules/ext/svnClientAdapter-main.jar"/>
        <file crc="2611070115" name="modules/locale/org-netbeans-libs-svnClientAdapter_ja.jar"/>
        <file crc="635955271" name="modules/locale/org-netbeans-libs-svnClientAdapter_pt_BR.jar"/>
        <file crc="3570352841" name="modules/locale/org-netbeans-libs-svnClientAdapter_ru.jar"/>
        <file crc="2098657691" name="modules/locale/org-netbeans-libs-svnClientAdapter_zh_CN.jar"/>
        <file crc="4035318345" name="modules/org-netbeans-libs-svnClientAdapter.jar"/>
    </module_version>
</module>
