<?xml version="1.0" encoding="UTF-8"?><module codename="org.netbeans.spi.palette/1">
    <module_version install_time="1416339005338" last="true" origin="installer" specification_version="1.42.1">
        <file crc="168146510" name="config/ModuleAutoDeps/org-netbeans-spi-palette.xml"/>
        <file crc="643103640" name="config/Modules/org-netbeans-spi-palette.xml"/>
        <file crc="3747756432" name="modules/locale/org-netbeans-spi-palette_ja.jar"/>
        <file crc="3831447126" name="modules/locale/org-netbeans-spi-palette_pt_BR.jar"/>
        <file crc="28483719" name="modules/locale/org-netbeans-spi-palette_ru.jar"/>
        <file crc="3660463399" name="modules/locale/org-netbeans-spi-palette_zh_CN.jar"/>
        <file crc="4143079762" name="modules/org-netbeans-spi-palette.jar"/>
    </module_version>
</module>
