<?xml version="1.0" encoding="UTF-8"?><module codename="org.netbeans.modules.editor.completion/1">
    <module_version install_time="1416339698028" last="true" origin="installer" specification_version="1.40.1.2">
        <file crc="1327033579" name="config/Modules/org-netbeans-modules-editor-completion.xml"/>
        <file crc="2734499056" name="modules/locale/org-netbeans-modules-editor-completion_ja.jar"/>
        <file crc="193484508" name="modules/locale/org-netbeans-modules-editor-completion_pt_BR.jar"/>
        <file crc="3705370392" name="modules/locale/org-netbeans-modules-editor-completion_ru.jar"/>
        <file crc="139810191" name="modules/locale/org-netbeans-modules-editor-completion_zh_CN.jar"/>
        <file crc="614270335" name="modules/org-netbeans-modules-editor-completion.jar"/>
    </module_version>
</module>
