<?xml version="1.0" encoding="UTF-8"?><module codename="org.netbeans.modules.editor.breadcrumbs/0">
    <module_version install_time="1416339818386" last="true" origin="installer" specification_version="1.12.1">
        <file crc="1320881006" name="config/Modules/org-netbeans-modules-editor-breadcrumbs.xml"/>
        <file crc="2925391021" name="modules/locale/org-netbeans-modules-editor-breadcrumbs_ja.jar"/>
        <file crc="1715434074" name="modules/locale/org-netbeans-modules-editor-breadcrumbs_pt_BR.jar"/>
        <file crc="961955650" name="modules/locale/org-netbeans-modules-editor-breadcrumbs_ru.jar"/>
        <file crc="1981246466" name="modules/locale/org-netbeans-modules-editor-breadcrumbs_zh_CN.jar"/>
        <file crc="3836414372" name="modules/org-netbeans-modules-editor-breadcrumbs.jar"/>
    </module_version>
</module>
