<?xml version="1.0" encoding="UTF-8"?><module codename="org.netbeans.modules.extexecution/2">
    <module_version install_time="1416338431122" last="true" origin="installer" specification_version="1.42.1">
        <file crc="3522709403" name="config/Modules/org-netbeans-modules-extexecution.xml"/>
        <file crc="3249324424" name="modules/locale/org-netbeans-modules-extexecution_ja.jar"/>
        <file crc="269716546" name="modules/locale/org-netbeans-modules-extexecution_pt_BR.jar"/>
        <file crc="2400936217" name="modules/locale/org-netbeans-modules-extexecution_ru.jar"/>
        <file crc="2610696144" name="modules/locale/org-netbeans-modules-extexecution_zh_CN.jar"/>
        <file crc="2617749052" name="modules/org-netbeans-modules-extexecution.jar"/>
    </module_version>
</module>
