<?xml version="1.0" encoding="UTF-8"?><module codename="org.netbeans.modules.editor.lib2/1">
    <module_version install_time="1416338395544" last="true" origin="installer" specification_version="1.85.1.43">
        <file crc="1027150669" name="config/Modules/org-netbeans-modules-editor-lib2.xml"/>
        <file crc="172472192" name="modules/locale/org-netbeans-modules-editor-lib2_ja.jar"/>
        <file crc="4088442905" name="modules/locale/org-netbeans-modules-editor-lib2_pt_BR.jar"/>
        <file crc="955682923" name="modules/locale/org-netbeans-modules-editor-lib2_ru.jar"/>
        <file crc="2494887838" name="modules/locale/org-netbeans-modules-editor-lib2_zh_CN.jar"/>
        <file crc="4284473132" name="modules/org-netbeans-modules-editor-lib2.jar"/>
    </module_version>
</module>
