<?xml version="1.0" encoding="UTF-8"?><module codename="org.netbeans.modules.versioning.core/1">
    <module_version install_time="1416342960981" last="true" origin="installer" specification_version="1.21.1.1.42">
        <file crc="104118620" name="config/Modules/org-netbeans-modules-versioning-core.xml"/>
        <file crc="321869842" name="modules/locale/org-netbeans-modules-versioning-core_ja.jar"/>
        <file crc="331967569" name="modules/locale/org-netbeans-modules-versioning-core_pt_BR.jar"/>
        <file crc="689155495" name="modules/locale/org-netbeans-modules-versioning-core_ru.jar"/>
        <file crc="3563766566" name="modules/locale/org-netbeans-modules-versioning-core_zh_CN.jar"/>
        <file crc="1740633175" name="modules/org-netbeans-modules-versioning-core.jar"/>
    </module_version>
</module>
