<?xml version="1.0" encoding="UTF-8"?><module codename="org.netbeans.modules.spellchecker.apimodule">
    <module_version install_time="1416338419750" last="true" origin="installer" specification_version="1.21.1">
        <file crc="2106395459" name="config/Modules/org-netbeans-modules-spellchecker-apimodule.xml"/>
        <file crc="953460148" name="modules/locale/org-netbeans-modules-spellchecker-apimodule_ja.jar"/>
        <file crc="1187438192" name="modules/locale/org-netbeans-modules-spellchecker-apimodule_pt_BR.jar"/>
        <file crc="1926842603" name="modules/locale/org-netbeans-modules-spellchecker-apimodule_ru.jar"/>
        <file crc="792527661" name="modules/locale/org-netbeans-modules-spellchecker-apimodule_zh_CN.jar"/>
        <file crc="2115142754" name="modules/org-netbeans-modules-spellchecker-apimodule.jar"/>
    </module_version>
</module>
