<?xml version="1.0" encoding="UTF-8"?><module codename="org.netbeans.modules.lexer.nbbridge/1">
    <module_version install_time="1416338481049" last="true" origin="installer" specification_version="1.28.1.1">
        <file crc="1332987720" name="config/Modules/org-netbeans-modules-lexer-nbbridge.xml"/>
        <file crc="1813847869" name="modules/locale/org-netbeans-modules-lexer-nbbridge_ja.jar"/>
        <file crc="1231325209" name="modules/locale/org-netbeans-modules-lexer-nbbridge_pt_BR.jar"/>
        <file crc="2276451694" name="modules/locale/org-netbeans-modules-lexer-nbbridge_ru.jar"/>
        <file crc="3247618932" name="modules/locale/org-netbeans-modules-lexer-nbbridge_zh_CN.jar"/>
        <file crc="3995645928" name="modules/org-netbeans-modules-lexer-nbbridge.jar"/>
    </module_version>
</module>
