<?xml version="1.0" encoding="UTF-8"?><module codename="org.netbeans.modules.xml.tools/2">
    <module_version install_time="1416340453047" last="true" origin="installer" specification_version="1.39.1">
        <file crc="3189568242" name="config/Modules/org-netbeans-modules-xml-tools.xml"/>
        <file crc="1060432459" name="modules/locale/org-netbeans-modules-xml-tools_ja.jar"/>
        <file crc="3306176777" name="modules/locale/org-netbeans-modules-xml-tools_pt_BR.jar"/>
        <file crc="3584490558" name="modules/locale/org-netbeans-modules-xml-tools_ru.jar"/>
        <file crc="1838545486" name="modules/locale/org-netbeans-modules-xml-tools_zh_CN.jar"/>
        <file crc="14758656" name="modules/org-netbeans-modules-xml-tools.jar"/>
    </module_version>
</module>
