<?xml version="1.0" encoding="UTF-8"?><module codename="org.netbeans.spi.editor.hints.projects">
    <module_version install_time="1416340014794" last="true" origin="installer" specification_version="1.7.1.1.7">
        <file crc="3692722369" name="config/Modules/org-netbeans-spi-editor-hints-projects.xml"/>
        <file crc="397604906" name="modules/locale/org-netbeans-spi-editor-hints-projects_ja.jar"/>
        <file crc="3850620144" name="modules/locale/org-netbeans-spi-editor-hints-projects_pt_BR.jar"/>
        <file crc="2244780838" name="modules/locale/org-netbeans-spi-editor-hints-projects_ru.jar"/>
        <file crc="231116934" name="modules/locale/org-netbeans-spi-editor-hints-projects_zh_CN.jar"/>
        <file crc="3171757251" name="modules/org-netbeans-spi-editor-hints-projects.jar"/>
    </module_version>
</module>
