<?xml version="1.0" encoding="UTF-8"?><module codename="org.netbeans.modules.editor.settings.storage/1">
    <module_version install_time="1416339525845" last="true" origin="installer" specification_version="1.45.1">
        <file crc="417708896" name="config/Modules/org-netbeans-modules-editor-settings-storage.xml"/>
        <file crc="4162781005" name="modules/locale/org-netbeans-modules-editor-settings-storage_ja.jar"/>
        <file crc="3724703203" name="modules/locale/org-netbeans-modules-editor-settings-storage_pt_BR.jar"/>
        <file crc="3197038777" name="modules/locale/org-netbeans-modules-editor-settings-storage_ru.jar"/>
        <file crc="3697524845" name="modules/locale/org-netbeans-modules-editor-settings-storage_zh_CN.jar"/>
        <file crc="3613278269" name="modules/org-netbeans-modules-editor-settings-storage.jar"/>
    </module_version>
</module>
