<?xml version="1.0" encoding="UTF-8"?><module codename="org.netbeans.modules.project.indexingbridge">
    <module_version install_time="1416338456736" last="true" origin="installer" specification_version="1.13.1">
        <file crc="3141148986" name="config/Modules/org-netbeans-modules-project-indexingbridge.xml"/>
        <file crc="76557287" name="modules/locale/org-netbeans-modules-project-indexingbridge_ja.jar"/>
        <file crc="499959358" name="modules/locale/org-netbeans-modules-project-indexingbridge_pt_BR.jar"/>
        <file crc="1949701763" name="modules/locale/org-netbeans-modules-project-indexingbridge_ru.jar"/>
        <file crc="293905489" name="modules/locale/org-netbeans-modules-project-indexingbridge_zh_CN.jar"/>
        <file crc="3335191008" name="modules/org-netbeans-modules-project-indexingbridge.jar"/>
    </module_version>
</module>
