<?xml version="1.0" encoding="UTF-8"?><module codename="org.netbeans.spi.tasklist/1">
    <module_version install_time="1416338469396" last="true" origin="installer" specification_version="1.30.1.1">
        <file crc="1227800962" name="config/Modules/org-netbeans-spi-tasklist.xml"/>
        <file crc="2685335320" name="modules/locale/org-netbeans-spi-tasklist_ja.jar"/>
        <file crc="205190118" name="modules/locale/org-netbeans-spi-tasklist_pt_BR.jar"/>
        <file crc="3159548645" name="modules/locale/org-netbeans-spi-tasklist_ru.jar"/>
        <file crc="657829571" name="modules/locale/org-netbeans-spi-tasklist_zh_CN.jar"/>
        <file crc="2265268192" name="modules/org-netbeans-spi-tasklist.jar"/>
    </module_version>
</module>
