<?xml version="1.0" encoding="UTF-8"?><module codename="org.netbeans.modules.refactoring.api">
    <module_version install_time="1416340358298" last="true" origin="installer" specification_version="1.40.1.1">
        <file crc="660297798" name="config/Modules/org-netbeans-modules-refactoring-api.xml"/>
        <file crc="845162048" name="modules/locale/org-netbeans-modules-refactoring-api_ja.jar"/>
        <file crc="337041077" name="modules/locale/org-netbeans-modules-refactoring-api_pt_BR.jar"/>
        <file crc="4175524432" name="modules/locale/org-netbeans-modules-refactoring-api_ru.jar"/>
        <file crc="204361167" name="modules/locale/org-netbeans-modules-refactoring-api_zh_CN.jar"/>
        <file crc="123942382" name="modules/org-netbeans-modules-refactoring-api.jar"/>
    </module_version>
</module>
