<?xml version="1.0" encoding="UTF-8"?><module codename="org.netbeans.modules.xml.xdm/1">
    <module_version install_time="1416339568432" last="true" origin="installer" specification_version="1.29.1.1">
        <file crc="1060261276" name="config/Modules/org-netbeans-modules-xml-xdm.xml"/>
        <file crc="1774290247" name="modules/locale/org-netbeans-modules-xml-xdm_ja.jar"/>
        <file crc="2162725113" name="modules/locale/org-netbeans-modules-xml-xdm_pt_BR.jar"/>
        <file crc="3340133951" name="modules/locale/org-netbeans-modules-xml-xdm_ru.jar"/>
        <file crc="1486976313" name="modules/locale/org-netbeans-modules-xml-xdm_zh_CN.jar"/>
        <file crc="2232375963" name="modules/org-netbeans-modules-xml-xdm.jar"/>
    </module_version>
</module>
