<?xml version="1.0" encoding="UTF-8"?><module codename="org.netbeans.modules.editor.indent/2">
    <module_version install_time="1416338402691" last="true" origin="installer" specification_version="1.37.1">
        <file crc="915460559" name="config/Modules/org-netbeans-modules-editor-indent.xml"/>
        <file crc="1118743693" name="modules/locale/org-netbeans-modules-editor-indent_ja.jar"/>
        <file crc="1870252596" name="modules/locale/org-netbeans-modules-editor-indent_pt_BR.jar"/>
        <file crc="249604871" name="modules/locale/org-netbeans-modules-editor-indent_ru.jar"/>
        <file crc="3433255630" name="modules/locale/org-netbeans-modules-editor-indent_zh_CN.jar"/>
        <file crc="2188279485" name="modules/org-netbeans-modules-editor-indent.jar"/>
    </module_version>
</module>
