<?xml version="1.0" encoding="UTF-8"?><module codename="org.netbeans.spi.editor.hints/0">
    <module_version install_time="1416339550086" last="true" origin="installer" specification_version="1.35.1.7.43">
        <file crc="2723969626" name="config/Modules/org-netbeans-spi-editor-hints.xml"/>
        <file crc="1095844413" name="modules/locale/org-netbeans-spi-editor-hints_ja.jar"/>
        <file crc="3646908099" name="modules/locale/org-netbeans-spi-editor-hints_pt_BR.jar"/>
        <file crc="3179538936" name="modules/locale/org-netbeans-spi-editor-hints_ru.jar"/>
        <file crc="1268118549" name="modules/locale/org-netbeans-spi-editor-hints_zh_CN.jar"/>
        <file crc="2225912602" name="modules/org-netbeans-spi-editor-hints.jar"/>
    </module_version>
</module>
