<?xml version="1.0" encoding="UTF-8"?><module codename="org.netbeans.modules.editor.plain/2">
    <module_version install_time="1416339730813" last="true" origin="installer" specification_version="1.31.1">
        <file crc="977811071" name="config/Modules/org-netbeans-modules-editor-plain.xml"/>
        <file crc="3414823188" name="modules/locale/org-netbeans-modules-editor-plain_ja.jar"/>
        <file crc="3603425384" name="modules/locale/org-netbeans-modules-editor-plain_pt_BR.jar"/>
        <file crc="3881349337" name="modules/locale/org-netbeans-modules-editor-plain_ru.jar"/>
        <file crc="3120639456" name="modules/locale/org-netbeans-modules-editor-plain_zh_CN.jar"/>
        <file crc="1215760856" name="modules/org-netbeans-modules-editor-plain.jar"/>
    </module_version>
</module>
