<?xml version="1.0" encoding="UTF-8"?><module codename="org.netbeans.modules.lexer/2">
    <module_version install_time="1416338123575" last="true" origin="installer" specification_version="1.59.1.1">
        <file crc="3425354387" name="config/Modules/org-netbeans-modules-lexer.xml"/>
        <file crc="2009670289" name="modules/locale/org-netbeans-modules-lexer_ja.jar"/>
        <file crc="2856244079" name="modules/locale/org-netbeans-modules-lexer_pt_BR.jar"/>
        <file crc="3869099033" name="modules/locale/org-netbeans-modules-lexer_ru.jar"/>
        <file crc="2132537004" name="modules/locale/org-netbeans-modules-lexer_zh_CN.jar"/>
        <file crc="913275230" name="modules/org-netbeans-modules-lexer.jar"/>
    </module_version>
</module>
