<?xml version="1.0" encoding="UTF-8"?><module codename="org.netbeans.core.multitabs.project">
    <module_version install_time="1416339966116" last="true" origin="installer" specification_version="1.6.1.1.1">
        <file crc="3119371406" name="config/Modules/org-netbeans-core-multitabs-project.xml"/>
        <file crc="3611873702" name="modules/locale/org-netbeans-core-multitabs-project_ja.jar"/>
        <file crc="1317386089" name="modules/locale/org-netbeans-core-multitabs-project_pt_BR.jar"/>
        <file crc="330986522" name="modules/locale/org-netbeans-core-multitabs-project_ru.jar"/>
        <file crc="3699949096" name="modules/locale/org-netbeans-core-multitabs-project_zh_CN.jar"/>
        <file crc="2354312413" name="modules/org-netbeans-core-multitabs-project.jar"/>
    </module_version>
</module>
