<?xml version="1.0" encoding="UTF-8"?><module codename="org.netbeans.modules.editor.search">
    <module_version install_time="1416339783790" last="true" origin="installer" specification_version="1.19.1.0.43">
        <file crc="4056457626" name="config/Modules/org-netbeans-modules-editor-search.xml"/>
        <file crc="1673422084" name="modules/locale/org-netbeans-modules-editor-search_ja.jar"/>
        <file crc="1004446007" name="modules/locale/org-netbeans-modules-editor-search_pt_BR.jar"/>
        <file crc="404556226" name="modules/locale/org-netbeans-modules-editor-search_ru.jar"/>
        <file crc="4192067190" name="modules/locale/org-netbeans-modules-editor-search_zh_CN.jar"/>
        <file crc="3160392874" name="modules/org-netbeans-modules-editor-search.jar"/>
    </module_version>
</module>
