<?xml version="1.0" encoding="UTF-8"?><module codename="org.netbeans.modules.xml.retriever/1">
    <module_version install_time="1416339610708" last="true" origin="installer" specification_version="1.27.1">
        <file crc="3602039916" name="config/Modules/org-netbeans-modules-xml-retriever.xml"/>
        <file crc="519323449" name="modules/locale/org-netbeans-modules-xml-retriever_ja.jar"/>
        <file crc="72465114" name="modules/locale/org-netbeans-modules-xml-retriever_pt_BR.jar"/>
        <file crc="3077937410" name="modules/locale/org-netbeans-modules-xml-retriever_ru.jar"/>
        <file crc="3269027058" name="modules/locale/org-netbeans-modules-xml-retriever_zh_CN.jar"/>
        <file crc="3135459276" name="modules/org-netbeans-modules-xml-retriever.jar"/>
    </module_version>
</module>
