<?xml version="1.0" encoding="UTF-8"?><module codename="org.netbeans.libs.svnClientAdapter.javahl/1">
    <module_version install_time="1416338448858" last="true" origin="installer" specification_version="1.20.1">
        <file crc="830263214" name="config/Modules/org-netbeans-libs-svnClientAdapter-javahl.xml"/>
        <file crc="4196550918" name="modules/ext/svnClientAdapter-javahl.jar"/>
        <file crc="2317666461" name="modules/ext/svnjavahl.jar"/>
        <file crc="132338852" name="modules/locale/org-netbeans-libs-svnClientAdapter-javahl_ja.jar"/>
        <file crc="36015458" name="modules/locale/org-netbeans-libs-svnClientAdapter-javahl_pt_BR.jar"/>
        <file crc="2825747520" name="modules/locale/org-netbeans-libs-svnClientAdapter-javahl_ru.jar"/>
        <file crc="4073882451" name="modules/locale/org-netbeans-libs-svnClientAdapter-javahl_zh_CN.jar"/>
        <file crc="1834439789" name="modules/org-netbeans-libs-svnClientAdapter-javahl.jar"/>
    </module_version>
</module>
