<?xml version="1.0" encoding="UTF-8"?><module codename="org.netbeans.modules.editor.actions/1">
    <module_version install_time="1416339556474" last="true" origin="installer" specification_version="1.26.1.43">
        <file crc="992536293" name="config/Modules/org-netbeans-modules-editor-actions.xml"/>
        <file crc="1762613270" name="modules/locale/org-netbeans-modules-editor-actions_ja.jar"/>
        <file crc="3215282373" name="modules/locale/org-netbeans-modules-editor-actions_pt_BR.jar"/>
        <file crc="128245108" name="modules/locale/org-netbeans-modules-editor-actions_ru.jar"/>
        <file crc="1711659884" name="modules/locale/org-netbeans-modules-editor-actions_zh_CN.jar"/>
        <file crc="3850046851" name="modules/org-netbeans-modules-editor-actions.jar"/>
    </module_version>
</module>
