<?xml version="1.0" encoding="UTF-8" standalone="no"?>
<module codename="org.openide.util.lookup">
    <module_version install_time="1416337933271" last="false" origin="installer" specification_version="8.25.1">
        <file crc="3329861993" name="lib/locale/org-openide-util-lookup_ja.jar"/>
        <file crc="86094777" name="lib/locale/org-openide-util-lookup_pt_BR.jar"/>
        <file crc="3463326813" name="lib/locale/org-openide-util-lookup_ru.jar"/>
        <file crc="1161288465" name="lib/locale/org-openide-util-lookup_zh_CN.jar"/>
        <file crc="1825967884" name="lib/org-openide-util-lookup.jar"/>
    </module_version>
    <module_version install_time="1476796952173" last="true" origin="NetBeans Distribution" specification_version="8.25.2">
        <file crc="3339250737" name="lib/locale/org-openide-util-lookup_ja.jar"/>
        <file crc="3593557283" name="lib/locale/org-openide-util-lookup_pt_BR.jar"/>
        <file crc="3942051858" name="lib/locale/org-openide-util-lookup_ru.jar"/>
        <file crc="1440887577" name="lib/locale/org-openide-util-lookup_zh_CN.jar"/>
        <file crc="2365884003" name="lib/org-openide-util-lookup.jar"/>
    </module_version>
</module>
