<?xml version="1.0" encoding="UTF-8"?><module codename="org.netbeans.modules.autoupdate.services">
    <module_version install_time="1416338618814" last="true" origin="installer" specification_version="1.47.2">
        <file crc="83784818" name="config/Modules/org-netbeans-modules-autoupdate-services.xml"/>
        <file crc="3588215678" name="modules/ext/locale/updater_ja.jar"/>
        <file crc="1188817226" name="modules/ext/locale/updater_pt_BR.jar"/>
        <file crc="2696574384" name="modules/ext/locale/updater_ru.jar"/>
        <file crc="4052216449" name="modules/ext/locale/updater_zh_CN.jar"/>
        <file crc="1014379561" name="modules/ext/updater.jar"/>
        <file crc="4280594958" name="modules/locale/org-netbeans-modules-autoupdate-services_ja.jar"/>
        <file crc="2576562702" name="modules/locale/org-netbeans-modules-autoupdate-services_pt_BR.jar"/>
        <file crc="2550532370" name="modules/locale/org-netbeans-modules-autoupdate-services_ru.jar"/>
        <file crc="3229319071" name="modules/locale/org-netbeans-modules-autoupdate-services_zh_CN.jar"/>
        <file crc="2866691825" name="modules/org-netbeans-modules-autoupdate-services.jar"/>
    </module_version>
</module>
