<?xml version="1.0" encoding="UTF-8" standalone="no"?>
<module codename="org.netbeans.api.search">
    <module_version install_time="1416338801889" last="false" origin="installer" specification_version="1.17.1">
        <file crc="3710953649" name="config/Modules/org-netbeans-api-search.xml"/>
        <file crc="3253646988" name="modules/locale/org-netbeans-api-search_ja.jar"/>
        <file crc="365044574" name="modules/locale/org-netbeans-api-search_pt_BR.jar"/>
        <file crc="4015123204" name="modules/locale/org-netbeans-api-search_ru.jar"/>
        <file crc="2457954483" name="modules/locale/org-netbeans-api-search_zh_CN.jar"/>
        <file crc="2574614700" name="modules/org-netbeans-api-search.jar"/>
    </module_version>
    <module_version install_time="1476796952241" last="true" origin="NetBeans Distribution" specification_version="1.17.2">
        <file crc="3710953649" name="config/Modules/org-netbeans-api-search.xml"/>
        <file crc="3755555304" name="modules/locale/org-netbeans-api-search_ja.jar"/>
        <file crc="1417775405" name="modules/locale/org-netbeans-api-search_pt_BR.jar"/>
        <file crc="3873477607" name="modules/locale/org-netbeans-api-search_ru.jar"/>
        <file crc="3406212235" name="modules/locale/org-netbeans-api-search_zh_CN.jar"/>
        <file crc="1965891214" name="modules/org-netbeans-api-search.jar"/>
    </module_version>
</module>
