<?xml version="1.0" encoding="UTF-8" standalone="no"?>
<module codename="org.netbeans.modules.uihandler">
    <module_version install_time="1416339489946" last="false" origin="installer" specification_version="2.31.1">
        <file crc="3675798995" name="config/Modules/org-netbeans-modules-uihandler.xml"/>
        <file crc="2158859251" name="modules/locale/org-netbeans-modules-uihandler_ja.jar"/>
        <file crc="1681154687" name="modules/locale/org-netbeans-modules-uihandler_pt_BR.jar"/>
        <file crc="2388302080" name="modules/locale/org-netbeans-modules-uihandler_ru.jar"/>
        <file crc="3685070062" name="modules/locale/org-netbeans-modules-uihandler_zh_CN.jar"/>
        <file crc="928018443" name="modules/org-netbeans-modules-uihandler.jar"/>
    </module_version>
    <module_version install_time="1476796952300" last="true" origin="NetBeans Distribution" specification_version="2.31.2">
        <file crc="3675798995" name="config/Modules/org-netbeans-modules-uihandler.xml"/>
        <file crc="2965883891" name="modules/locale/org-netbeans-modules-uihandler_ja.jar"/>
        <file crc="3485216347" name="modules/locale/org-netbeans-modules-uihandler_pt_BR.jar"/>
        <file crc="235825947" name="modules/locale/org-netbeans-modules-uihandler_ru.jar"/>
        <file crc="3474807008" name="modules/locale/org-netbeans-modules-uihandler_zh_CN.jar"/>
        <file crc="1190528634" name="modules/org-netbeans-modules-uihandler.jar"/>
    </module_version>
</module>
